{"cameraMode":{"drawMode":0,"name":"Shaded","section":"Shading Mode"},"sceneLighting":true,"audioPlay":false,"sceneViewState":{"showFog":true,"showMaterialUpdate":false,"showSkybox":true,"showFlares":true,"showImageEffects":true,"showParticleSystems":true},"in2DMode":false,"pivot":{"x":2.396242141723633,"y":1.640403389930725,"z":-3.7352912425994875},"rotation":{"x":-0.0027954657562077047,"y":0.9946779012680054,"z":-0.09910710155963898,"w":-0.028056537732481958},"size":17.963970184326173,"orthographic":false}